NAME,YOB,DEPARTURE,DESTINATION,PAID
Emily Holmes,1976,Prague,Rijeka,1030
Tommy Black,1983,Prague,Rijeka,1030
Thomas Davidson,1977,Prague,Rijeka,1030
Harry Davidson,1985,Prague,Rijeka,1030
Oscar Harris,1993,Prague,Rijeka,1030
Daisy Jones,1980,Vienna,Warsaw,1133
Finley Matthews,1988,Vienna,Warsaw,1133
Willow Adams,1988,Vienna,Warsaw,1133
Sophia Webb,1973,Vienna,Warsaw,1133
Freddie Davidson,1980,Vienna,Warsaw,1133
Theo Matthews,1992,Vienna,Warsaw,1133
Grace Allen,1976,Innsbruck,Warsaw,1248
Sofia Holmes,1977,Innsbruck,Warsaw,1248
Amelia Stevens,1973,Innsbruck,Warsaw,1248
Evie Owen,1982,Innsbruck,Warsaw,1248
Phoebe Baker,1975,Innsbruck,Warsaw,1248
Florence Davidson,1984,Innsbruck,Warsaw,1248
Isla Harris,1991,Innsbruck,Warsaw,1236
Lucas Chapman,1991,Innsbruck,Warsaw,1236
Lily Wilson,1992,Innsbruck,Warsaw,1236
Freddie Walker,1978,Innsbruck,Warsaw,1236
Evelyn Payne,1993,Prague,Rijeka,1030
Alfie Adams,1978,Prague,Rijeka,1030
Muhammad Davidson,1979,Prague,Rijeka,1030
Harry Harris,1991,Prague,Rijeka,1030
Amelia Baker,1979,Prague,Rijeka,1030
Tommy Webb,1975,Prague,Rijeka,1030
Isabella Adams,1986,Berlin,Napoli,927
Henry Adams,1979,Berlin,Napoli,927
Arlo Adams,2015,Berlin,Napoli,927
Noah Adams,2017,Berlin,Napoli,927
Charlie Walker,1975,Berlin,Napoli,936
Theodore Walker,1982,Berlin,Napoli,936
Arlo Walker,2015,Berlin,Napoli,936
Sofia Walker,2018,Berlin,Napoli,936
Sophia Holmes,1974,Vienna,Warsaw,1122
Willow Allen,1985,Vienna,Warsaw,1122
Evelyn Allen,1973,Vienna,Warsaw,1122
Evie Wilson,1979,Vienna,Warsaw,1122
Lucas Jones,1976,Vienna,Warsaw,1122
Mia Holmes,1980,Vienna,Warsaw,1122
Harry Robinson,1974,Hamburg,Innsbruck,306
Theo Robinson,1974,Hamburg,Innsbruck,306
Henry Robinson,2017,Hamburg,Innsbruck,306
Harry Adams,1986,Hamburg,Innsbruck,927
George Adams,1991,Hamburg,Innsbruck,927
Roman Adams,2017,Hamburg,Innsbruck,927
Jacob Stevens,1984,Brno,Rijeka,728
Freddie Stevens,1992,Brno,Rijeka,728
Isabella Stevens,2017,Brno,Rijeka,728
Jack Stevens,2015,Brno,Rijeka,728
Emily Harris,1987,Krakow,Zagreb,832
Jack Harris,1979,Krakow,Zagreb,832
Grace Harris,2014,Krakow,Zagreb,832
Isabella Harris,2016,Krakow,Zagreb,832
Rosie Harris,1983,Vienna,Warsaw,936
Daisy Harris,1987,Vienna,Warsaw,936
Noah Harris,2014,Vienna,Warsaw,936
Sofia Harris,2017,Vienna,Warsaw,936
Freddie Stevens,1980,Brno,Rijeka,1212
Noah Davidson,1973,Brno,Rijeka,1212
Charlotte Chapman,1979,Brno,Rijeka,1212
Sienna Jones,1978,Brno,Rijeka,1212
Freddie Owen,1978,Brno,Rijeka,707
Tommy Owen,1992,Brno,Rijeka,707
Ava Owen,2015,Brno,Rijeka,707
Arthur Owen,2015,Brno,Rijeka,707
Rosie Matthews,1984,Vienna,Warsaw,1111
Noah Chapman,1975,Vienna,Warsaw,1111
Poppy Owen,1973,Vienna,Warsaw,1111
Noah Chapman,1981,Vienna,Warsaw,1111
Henry Burton,1987,Prague,Rijeka,1010
Theodore Stevens,1987,Prague,Rijeka,1010
Thomas Davidson,1990,Prague,Rijeka,1010
Evelyn Payne,1986,Prague,Rijeka,1010
Charlotte Baker,1980,Prague,Rijeka,1010
Sophia Lewis,1974,Krakow,Zagreb,824
William Lewis,1987,Krakow,Zagreb,824
Noah Lewis,2017,Krakow,Zagreb,824
Isla Webb,1974,Vienna,Warsaw,1122
William Lewis,1993,Vienna,Warsaw,1122
Phoebe Burton,1986,Vienna,Warsaw,1122
Oscar Lewis,1975,Brno,Rijeka,1212
George White,1991,Brno,Rijeka,1212
Tommy Stevens,1975,Brno,Rijeka,1212
Daisy Allen,1988,Brno,Rijeka,1212
Grace Payne,1978,Prague,Rijeka,624
Evie Payne,1983,Prague,Rijeka,624
Willow Payne,2015,Prague,Rijeka,624
Oscar Webb,1992,Prague,Rijeka,1030
Sofia Davidson,1974,Prague,Rijeka,1030
Ava White,1989,Prague,Rijeka,1030
Elsie Burton,1981,Prague,Rijeka,1030
Oscar Wilson,1981,Hamburg,Rome,714
Poppy Wilson,1977,Hamburg,Rome,714
Theo Wilson,2014,Hamburg,Rome,714
Noah Wilson,2015,Hamburg,Rome,714
Isla Walker,1980,Brno,Rijeka,624
Sienna Walker,1993,Brno,Rijeka,624
Tommy Walker,2016,Brno,Rijeka,624
Noah Walker,1979,Hamburg,Innsbruck,936
Theo Walker,1975,Hamburg,Innsbruck,936
Jack Walker,2015,Hamburg,Innsbruck,936
Leo Harris,1973,Brno,Rijeka,1111
Rosie Jones,1976,Brno,Rijeka,1111
Sienna Matthews,1982,Brno,Rijeka,1111
Elsie Chapman,1982,Berlin,Napoli,832
Amelia Chapman,1981,Berlin,Napoli,832
Sofia Chapman,2013,Berlin,Napoli,832
Jack Chapman,2013,Berlin,Napoli,832
Mia Holmes,1982,Vienna,Warsaw,1111
Theodore Lewis,1985,Vienna,Warsaw,1111
Lily Webb,1975,Vienna,Warsaw,1111
Theo Walker,1993,Vienna,Warsaw,1111
Freddie Lewis,1973,Vienna,Warsaw,1111
Daisy Walker,1990,Innsbruck,Warsaw,1224
Theo Allen,1986,Innsbruck,Warsaw,1224
Elsie Robinson,1986,Innsbruck,Warsaw,1224
Sofia Holmes,1976,Innsbruck,Warsaw,1224
Arlo Matthews,1990,Innsbruck,Warsaw,1224
Isla Holmes,1979,Innsbruck,Warsaw,505
Theodore Holmes,1986,Innsbruck,Warsaw,505
Grace Holmes,2013,Innsbruck,Warsaw,505
Isla Holmes,2014,Innsbruck,Warsaw,505
Elsie Payne,1979,Krakow,Zagreb,714
Arlo Payne,1992,Krakow,Zagreb,714
Arlo Payne,2013,Krakow,Zagreb,714
Sienna Chapman,1977,Innsbruck,Warsaw,1248
Mia Wilson,1975,Innsbruck,Warsaw,1248
Arthur Chapman,1974,Innsbruck,Warsaw,1248
Rosie Burton,1986,Innsbruck,Warsaw,1248
Harry Webb,1981,Innsbruck,Warsaw,1248
Tommy Robinson,1981,Innsbruck,Warsaw,1248
Amelia Matthews,1973,Brno,Rijeka,714
Isla Matthews,1973,Brno,Rijeka,714
Harry Matthews,2015,Brno,Rijeka,714
Jack Matthews,2018,Brno,Rijeka,714
Noah Baker,1991,Brno,Rijeka,1111
Mia Baker,1989,Brno,Rijeka,1111
Jack Owen,1978,Brno,Rijeka,1111
Archie Jones,1988,Brno,Rijeka,1111
Emily Payne,1991,Brno,Rijeka,1111
Ava Adams,1974,Brno,Rijeka,1111
Theo Davidson,1978,Hamburg,Innsbruck,1236
Lily Lewis,1988,Hamburg,Innsbruck,1236
Oscar Payne,1993,Hamburg,Innsbruck,1236
Florence Stevens,1985,Hamburg,Innsbruck,1236
Isaac Robinson,1983,Hamburg,Innsbruck,1236
Mia Jones,1986,Brno,Rijeka,606
Phoebe Jones,1990,Brno,Rijeka,606
Ava Jones,2016,Brno,Rijeka,606
Elsie Jones,2017,Brno,Rijeka,606
Jacob Matthews,1987,Brno,Rijeka,1248
Lucas Matthews,1993,Brno,Rijeka,1248
Lucas Stevens,1973,Brno,Rijeka,1248
Thomas Stevens,1989,Brno,Rijeka,1248
Evie Owen,1991,Brno,Rijeka,1248
Sofia Holmes,1993,Prague,Rijeka,618
Freddie Holmes,1981,Prague,Rijeka,618
Finley Holmes,2016,Prague,Rijeka,618
Phoebe Burton,1976,Innsbruck,Warsaw,1224
William Adams,1986,Innsbruck,Warsaw,1224
Poppy Jones,1993,Innsbruck,Warsaw,1224
Muhammad Black,1974,Innsbruck,Warsaw,1224
Amelia Davidson,1985,Prague,Rijeka,1030
Lily Black,1993,Prague,Rijeka,1030
Ella Webb,1977,Prague,Rijeka,1030
Noah Stevens,1985,Prague,Rijeka,1030
Grace Owen,1981,Prague,Rijeka,1030
Isaac White,1992,Prague,Rijeka,1030
Florence Lewis,1988,Hamburg,Rome,728
Ella Lewis,1977,Hamburg,Rome,728
Isabella Lewis,2016,Hamburg,Rome,728
Evie Lewis,2016,Hamburg,Rome,728
Rosie White,1987,Hamburg,Innsbruck,1236
Jacob Matthews,1985,Hamburg,Innsbruck,1236
Ivy Jones,1987,Hamburg,Innsbruck,1236
Charlotte Payne,1981,Hamburg,Innsbruck,1236
Sienna Harris,1985,Hamburg,Innsbruck,1236
Lucas Adams,1980,Hamburg,Innsbruck,1236
Freya Black,1979,Hamburg,Innsbruck,303
William Black,1980,Hamburg,Innsbruck,303
Archie Black,2018,Hamburg,Innsbruck,303
Rosie Black,2016,Hamburg,Innsbruck,303
Lily Holmes,1978,Prague,Rijeka,1040
Oscar Chapman,1973,Prague,Rijeka,1040
Oscar Adams,1975,Prague,Rijeka,1040
Willow Baker,1988,Prague,Rijeka,1040
Jacob Holmes,1979,Prague,Rijeka,1040
Charlie Wilson,1976,Brno,Rijeka,618
Sophia Wilson,1988,Brno,Rijeka,618
George Wilson,2014,Brno,Rijeka,618
Harry Jones,1984,Prague,Rijeka,612
Lucas Jones,1989,Prague,Rijeka,612
Sophia Jones,2014,Prague,Rijeka,612
Tommy Jones,2018,Prague,Rijeka,612
Evie Adams,1974,Innsbruck,Warsaw,918
Sofia Adams,1985,Innsbruck,Warsaw,918
Charlie Adams,2017,Innsbruck,Warsaw,918
Isla Wilson,1974,Berlin,Napoli,1040
Daisy Jones,1985,Berlin,Napoli,1040
Thomas Burton,1979,Berlin,Napoli,1040
Jack Jones,1987,Berlin,Napoli,1040
Sienna Matthews,1989,Berlin,Napoli,1040
Theo Walker,1985,Berlin,Napoli,1040
Emily Walker,1992,Prague,Rijeka,624
Evie Walker,1981,Prague,Rijeka,624
Grace Walker,2017,Prague,Rijeka,624
Arlo Black,1978,Berlin,Napoli,936
Oscar Black,1974,Berlin,Napoli,936
Evie Black,2018,Berlin,Napoli,936
Harry Foster,1985,Brno,Rijeka,1248
Willow Davidson,1985,Brno,Rijeka,1248
Tommy Payne,1986,Brno,Rijeka,1248
Jack Allen,1973,Brno,Rijeka,1248
Elsie Lewis,1977,Brno,Rijeka,1248
Sienna Webb,1976,Brno,Rijeka,1248
Finley Jones,1985,Innsbruck,Warsaw,1212
Harry Davidson,1977,Innsbruck,Warsaw,1212
Amelia Chapman,1983,Innsbruck,Warsaw,1212
Tommy Walker,1981,Berlin,Napoli,1144
Sophia Burton,1992,Berlin,Napoli,1144
Emily Harris,1985,Berlin,Napoli,1144
Henry Lewis,1991,Berlin,Napoli,1144
Rosie Stevens,1991,Berlin,Napoli,1144
Isabella Lewis,1974,Berlin,Napoli,1144
Evie Matthews,1974,Berlin,Napoli,816
Lucas Matthews,1990,Berlin,Napoli,816
Harry Matthews,2013,Berlin,Napoli,816
Evelyn Davidson,1979,Hamburg,Innsbruck,1248
Lily Allen,1982,Hamburg,Innsbruck,1248
Isabella Wilson,1984,Hamburg,Innsbruck,1248
Jacob Owen,1976,Hamburg,Innsbruck,1248
Isabella Owen,1988,Innsbruck,Warsaw,936
Grace Owen,1973,Innsbruck,Warsaw,936
Finley Owen,2018,Innsbruck,Warsaw,936
Ava Owen,2016,Innsbruck,Warsaw,936
Lily Holmes,1973,Vienna,Warsaw,1144
Jack Payne,1980,Vienna,Warsaw,1144
Muhammad Foster,1978,Vienna,Warsaw,1144
Muhammad Harris,1981,Vienna,Warsaw,1144
Theodore Lewis,1987,Vienna,Warsaw,1144
Grace White,1981,Vienna,Warsaw,1144
Oscar Chapman,1980,Prague,Rijeka,612
Isabella Chapman,1986,Prague,Rijeka,612
Emily Chapman,2016,Prague,Rijeka,612
Amelia Chapman,2016,Prague,Rijeka,612
Sophia Robinson,1989,Brno,Rijeka,707
Jacob Robinson,1982,Brno,Rijeka,707
Charlie Robinson,2016,Brno,Rijeka,707
William Payne,1983,Hamburg,Rome,824
Florence Payne,1987,Hamburg,Rome,824
Poppy Payne,2017,Hamburg,Rome,824
Sophia Payne,2013,Hamburg,Rome,824
Florence Chapman,1979,Innsbruck,Warsaw,909
Ella Chapman,1973,Innsbruck,Warsaw,909
Sofia Chapman,2018,Innsbruck,Warsaw,909
Finley Chapman,2016,Innsbruck,Warsaw,909
Henry Lewis,1974,Hamburg,Innsbruck,1248
Lily Wilson,1987,Hamburg,Innsbruck,1248
Charlie Harris,1992,Hamburg,Innsbruck,1248
Theo Payne,1973,Prague,Rijeka,1020
Mia Wilson,1983,Prague,Rijeka,1020
Grace Wilson,1992,Prague,Rijeka,1020
Thomas Burton,1986,Prague,Rijeka,1020
Oscar Baker,1989,Prague,Rijeka,1020
Oscar Walker,1973,Prague,Rijeka,1020
Rosie Walker,1988,Brno,Rijeka,1144
Ivy Adams,1993,Brno,Rijeka,1144
Alfie Stevens,1990,Brno,Rijeka,1144
Noah Matthews,1983,Vienna,Warsaw,1122
Sofia Harris,1987,Vienna,Warsaw,1122
Harry Harris,1985,Vienna,Warsaw,1122
Phoebe Wilson,1988,Berlin,Napoli,1122
Amelia Jones,1982,Berlin,Napoli,1122
Freddie Adams,1989,Berlin,Napoli,1122
Evelyn Adams,1975,Berlin,Napoli,1122
Oscar Robinson,1978,Vienna,Warsaw,1133
Noah Matthews,1975,Vienna,Warsaw,1133
Willow Adams,1976,Vienna,Warsaw,1133
Freya Payne,1993,Hamburg,Innsbruck,909
Roman Payne,1976,Hamburg,Innsbruck,909
Evie Payne,2017,Hamburg,Innsbruck,909
Freya Baker,1982,Berlin,Napoli,1111
Tommy Allen,1984,Berlin,Napoli,1111
Harry Chapman,1988,Berlin,Napoli,1111
Alfie Black,1980,Berlin,Napoli,1111
Lily Chapman,1993,Berlin,Napoli,1111
Freddie Holmes,1974,Berlin,Napoli,1111
Isabella Burton,1986,Brno,Rijeka,728
Theodore Burton,1983,Brno,Rijeka,728
Elsie Burton,2015,Brno,Rijeka,728
Jacob Burton,2015,Brno,Rijeka,728
Theodore Adams,1988,Prague,Rijeka,612
Grace Adams,1973,Prague,Rijeka,612
Arlo Adams,2016,Prague,Rijeka,612
Archie Chapman,1989,Hamburg,Rome,728
Emily Chapman,1985,Hamburg,Rome,728
Amelia Chapman,2014,Hamburg,Rome,728
Charlotte Chapman,2018,Hamburg,Rome,728
Theo Matthews,1975,Krakow,Zagreb,816
Grace Matthews,1979,Krakow,Zagreb,816
Tommy Matthews,2017,Krakow,Zagreb,816
Henry Baker,1982,Hamburg,Rome,832
Elsie Baker,1973,Hamburg,Rome,832
Thomas Baker,2017,Hamburg,Rome,832
Florence Payne,1977,Berlin,Napoli,1122
Oscar Holmes,1976,Berlin,Napoli,1122
Oscar Chapman,1980,Berlin,Napoli,1122
Oscar Foster,1982,Berlin,Napoli,1122
Sofia Adams,1981,Brno,Rijeka,1122
Alfie Stevens,1979,Brno,Rijeka,1122
Isla Davidson,1986,Brno,Rijeka,1122
Ella Robinson,1986,Brno,Rijeka,1122
Charlie Holmes,1990,Brno,Rijeka,1122
Freya Foster,1991,Innsbruck,Warsaw,1212
Tommy Foster,1973,Innsbruck,Warsaw,1212
Sofia Chapman,1986,Innsbruck,Warsaw,1212
Isla Payne,1983,Innsbruck,Warsaw,1212
Evelyn Matthews,1990,Innsbruck,Warsaw,1212
Theodore Jones,1991,Innsbruck,Warsaw,1212
Archie Holmes,1988,Brno,Rijeka,1212
Lucas Jones,1984,Brno,Rijeka,1212
Noah Baker,1985,Brno,Rijeka,1212
Evelyn Stevens,1985,Brno,Rijeka,1212
Elsie Stevens,1990,Brno,Rijeka,1212
Thomas Robinson,1988,Brno,Rijeka,1212
Sophia Adams,1976,Brno,Rijeka,1122
Isla Robinson,1973,Brno,Rijeka,1122
Thomas Davidson,1983,Brno,Rijeka,1122
Archie Allen,1982,Brno,Rijeka,1122
Archie Wilson,1988,Brno,Rijeka,1122
Lily Baker,1975,Vienna,Warsaw,1144
Arlo Payne,1981,Vienna,Warsaw,1144
Freya Davidson,1984,Vienna,Warsaw,1144
Willow Foster,1975,Berlin,Napoli,1040
Henry Foster,1990,Berlin,Napoli,1040
Grace Payne,1984,Berlin,Napoli,1040
Mia Jones,1987,Prague,Rijeka,606
William Jones,1982,Prague,Rijeka,606
Tommy Jones,2018,Prague,Rijeka,606
Jacob Jones,1991,Hamburg,Innsbruck,909
Charlotte Jones,1975,Hamburg,Innsbruck,909
Emily Jones,2017,Hamburg,Innsbruck,909
Arlo Jones,2013,Hamburg,Innsbruck,909
George Baker,1988,Berlin,Napoli,1144
Tommy Holmes,1980,Berlin,Napoli,1144
Florence Burton,1976,Berlin,Napoli,1144
Daisy Stevens,1979,Berlin,Napoli,1144
Sophia Wilson,1993,Berlin,Napoli,1144
Noah Robinson,1983,Vienna,Warsaw,927
Sophia Robinson,1980,Vienna,Warsaw,927
Isla Robinson,2014,Vienna,Warsaw,927
William Robinson,2014,Vienna,Warsaw,927
Ava Baker,1990,Prague,Rijeka,1030
Leo Stevens,1993,Prague,Rijeka,1030
Roman Allen,1990,Prague,Rijeka,1030
Elsie Holmes,1974,Prague,Rijeka,1030
Emily Stevens,1980,Prague,Rijeka,1030
Mia Burton,1979,Prague,Rijeka,1020
Ivy Holmes,1975,Prague,Rijeka,1020
Lily Baker,1980,Prague,Rijeka,1020
Isla Harris,1985,Prague,Rijeka,1020
Arthur Payne,1980,Brno,Rijeka,1248
George Jones,1992,Brno,Rijeka,1248
Archie Robinson,1976,Brno,Rijeka,1248
Grace White,1977,Brno,Rijeka,1248
Tommy Robinson,1989,Brno,Rijeka,1248
Leo Adams,1980,Brno,Rijeka,1248
Alfie Davidson,1993,Brno,Rijeka,612
Evelyn Davidson,1993,Brno,Rijeka,612
Henry Davidson,2014,Brno,Rijeka,612
Theodore Davidson,2018,Brno,Rijeka,612
Evie Holmes,1993,Vienna,Warsaw,936
Tommy Holmes,1985,Vienna,Warsaw,936
Mia Holmes,2015,Vienna,Warsaw,936
Charlie Holmes,2016,Vienna,Warsaw,936
Evelyn Matthews,1989,Vienna,Warsaw,936
Mia Matthews,1989,Vienna,Warsaw,936
Amelia Matthews,2016,Vienna,Warsaw,936
Theodore Black,1984,Innsbruck,Warsaw,510
Ella Black,1981,Innsbruck,Warsaw,510
Oscar Black,2013,Innsbruck,Warsaw,510
Amelia Wilson,1989,Krakow,Zagreb,927
Mia Wilson,1975,Krakow,Zagreb,927
Lily Wilson,2014,Krakow,Zagreb,927
Evie Wilson,2018,Krakow,Zagreb,927
Roman Foster,1988,Berlin,Napoli,721
Charlie Foster,1978,Berlin,Napoli,721
Oscar Foster,2016,Berlin,Napoli,721
Archie Foster,2018,Berlin,Napoli,721
George Adams,1987,Hamburg,Innsbruck,1212
Tommy Walker,1990,Hamburg,Innsbruck,1212
Amelia Jones,1980,Hamburg,Innsbruck,1212
Jack Holmes,1973,Hamburg,Innsbruck,1212
Ava Robinson,1993,Brno,Rijeka,707
Isaac Robinson,1973,Brno,Rijeka,707
Lily Robinson,2017,Brno,Rijeka,707
George Robinson,2014,Brno,Rijeka,707
Henry Robinson,1987,Vienna,Warsaw,714
Willow Robinson,1980,Vienna,Warsaw,714
Isla Robinson,2014,Vienna,Warsaw,714
Henry Lewis,1983,Hamburg,Innsbruck,1236
Arlo Walker,1984,Hamburg,Innsbruck,1236
Henry Harris,1985,Hamburg,Innsbruck,1236
Sienna Owen,1973,Hamburg,Innsbruck,1236
Poppy Payne,1979,Hamburg,Innsbruck,1236
Phoebe Davidson,1989,Hamburg,Innsbruck,1236
Muhammad Stevens,1992,Prague,Rijeka,606
Thomas Stevens,1986,Prague,Rijeka,606
Poppy Stevens,2013,Prague,Rijeka,606
Florence Davidson,1988,Berlin,Napoli,1111
Archie Harris,1992,Berlin,Napoli,1111
Harry Owen,1980,Berlin,Napoli,1111
Lily Webb,1989,Vienna,Warsaw,1111
Tommy Walker,1982,Vienna,Warsaw,1111
Rosie Burton,1978,Vienna,Warsaw,1111
Isaac Foster,1993,Vienna,Warsaw,1111
Sienna Baker,1984,Vienna,Warsaw,1111
Muhammad Payne,1992,Hamburg,Innsbruck,1236
Muhammad Harris,1984,Hamburg,Innsbruck,1236
Roman Harris,1991,Hamburg,Innsbruck,1236
Oscar Wilson,1987,Hamburg,Innsbruck,1236
Archie Lewis,1988,Hamburg,Innsbruck,1236
Daisy Allen,1987,Hamburg,Innsbruck,1236
Henry Foster,1987,Brno,Rijeka,1224
Arthur Davidson,1993,Brno,Rijeka,1224
Noah Payne,1989,Brno,Rijeka,1224
Lucas Webb,1979,Hamburg,Rome,824
Henry Webb,1977,Hamburg,Rome,824
Amelia Webb,2013,Hamburg,Rome,824
Freddie Webb,2013,Hamburg,Rome,824
Sofia Webb,1974,Innsbruck,Warsaw,1224
Isabella Chapman,1986,Innsbruck,Warsaw,1224
Evelyn Matthews,1983,Innsbruck,Warsaw,1224
William Harris,1973,Innsbruck,Warsaw,1224
Grace Lewis,1985,Innsbruck,Warsaw,1224
William White,1976,Innsbruck,Warsaw,1224
Rosie Foster,1984,Brno,Rijeka,1133
George Foster,1976,Brno,Rijeka,1133
Emily Davidson,1989,Brno,Rijeka,1133
Poppy Foster,1975,Brno,Rijeka,1133
Ivy Davidson,1976,Brno,Rijeka,1133
Oscar Burton,1983,Krakow,Zagreb,816
Finley Burton,1993,Krakow,Zagreb,816
Arthur Burton,2015,Krakow,Zagreb,816
Rosie Burton,2018,Krakow,Zagreb,816
Charlotte Robinson,1980,Prague,Rijeka,612
Rosie Robinson,1991,Prague,Rijeka,612
Finley Robinson,2018,Prague,Rijeka,612
Sofia Allen,1982,Brno,Rijeka,714
Charlie Allen,1973,Brno,Rijeka,714
Theo Allen,2018,Brno,Rijeka,714
Willow Wilson,1980,Hamburg,Innsbruck,927
Thomas Wilson,1983,Hamburg,Innsbruck,927
Lily Wilson,2015,Hamburg,Innsbruck,927
Evie Jones,1983,Brno,Rijeka,1236
Roman Matthews,1990,Brno,Rijeka,1236
Arlo Lewis,1974,Brno,Rijeka,1236
Ava Wilson,1985,Brno,Rijeka,1236
Freddie Wilson,1984,Innsbruck,Warsaw,510
Emily Wilson,1988,Innsbruck,Warsaw,510
Oscar Wilson,2013,Innsbruck,Warsaw,510
Finley Harris,1975,Prague,Rijeka,1030
Jack Holmes,1983,Prague,Rijeka,1030
Muhammad Burton,1992,Prague,Rijeka,1030
Willow Walker,1976,Prague,Rijeka,1030
Jack Wilson,1984,Berlin,Napoli,832
Thomas Wilson,1980,Berlin,Napoli,832
Freddie Wilson,2015,Berlin,Napoli,832
Arthur Robinson,1989,Hamburg,Innsbruck,1248
Rosie Allen,1973,Hamburg,Innsbruck,1248
Isaac Webb,1975,Hamburg,Innsbruck,1248
Alfie Matthews,1989,Hamburg,Innsbruck,1248
Jack Harris,1982,Vienna,Warsaw,936
William Harris,1988,Vienna,Warsaw,936
Noah Harris,2014,Vienna,Warsaw,936
Leo Harris,2013,Vienna,Warsaw,936
Freddie Harris,1990,Innsbruck,Warsaw,1236
Sofia Chapman,1993,Innsbruck,Warsaw,1236
Jack White,1979,Innsbruck,Warsaw,1236
Freddie Adams,1989,Innsbruck,Warsaw,1236
William Allen,1990,Hamburg,Innsbruck,936
Florence Allen,1991,Hamburg,Innsbruck,936
Theodore Allen,2013,Hamburg,Innsbruck,936
Charlotte Holmes,1983,Innsbruck,Warsaw,1133
Roman Adams,1974,Innsbruck,Warsaw,1133
Lucas Walker,1989,Innsbruck,Warsaw,1133
Poppy Payne,1990,Innsbruck,Warsaw,1133
Arthur Stevens,1982,Innsbruck,Warsaw,1133
Theo Lewis,1992,Brno,Rijeka,721
Grace Lewis,1993,Brno,Rijeka,721
Tommy Lewis,2018,Brno,Rijeka,721
Thomas Payne,1985,Vienna,Warsaw,918
Lily Payne,1975,Vienna,Warsaw,918
Poppy Payne,2014,Vienna,Warsaw,918
Grace Payne,2016,Vienna,Warsaw,918
Evie Robinson,1980,Innsbruck,Warsaw,1122
Muhammad Holmes,1984,Innsbruck,Warsaw,1122
Arthur Baker,1992,Innsbruck,Warsaw,1122
Noah Baker,1982,Innsbruck,Warsaw,1122
Finley Webb,1985,Innsbruck,Warsaw,1122
Lucas Allen,1974,Innsbruck,Warsaw,1122
Muhammad Black,1975,Berlin,Napoli,816
William Black,1975,Berlin,Napoli,816
William Black,2013,Berlin,Napoli,816
Oscar Foster,1990,Innsbruck,Warsaw,1144
Archie Harris,1993,Innsbruck,Warsaw,1144
Roman Wilson,1987,Innsbruck,Warsaw,1144
Alfie Black,1977,Innsbruck,Warsaw,1144
Ivy Burton,1974,Innsbruck,Warsaw,1144
George Davidson,1987,Innsbruck,Warsaw,1144
Elsie Baker,1977,Vienna,Warsaw,721
Isabella Baker,1985,Vienna,Warsaw,721
Theo Baker,2017,Vienna,Warsaw,721
Freddie Baker,2016,Vienna,Warsaw,721
Freya Harris,1978,Berlin,Napoli,1010
Charlotte Wilson,1993,Berlin,Napoli,1010
Lucas Chapman,1991,Berlin,Napoli,1010
Elsie Stevens,1976,Berlin,Napoli,1010
Theodore Burton,1978,Berlin,Napoli,1010
William Jones,1973,Berlin,Napoli,1010
Harry Davidson,1975,Prague,Rijeka,1010
Isaac Allen,1978,Prague,Rijeka,1010
Charlie Owen,1987,Prague,Rijeka,1010
Isla Payne,1986,Prague,Rijeka,1010
George White,1993,Krakow,Zagreb,824
Lucas White,1975,Krakow,Zagreb,824
Muhammad White,2014,Krakow,Zagreb,824
Sienna White,2014,Krakow,Zagreb,824
Lucas Harris,1987,Berlin,Napoli,1144
Freya Matthews,1983,Berlin,Napoli,1144
Thomas Davidson,1992,Berlin,Napoli,1144
Jacob Allen,1990,Berlin,Napoli,1144
Ava Adams,1977,Berlin,Napoli,1144
Lucas Davidson,1980,Berlin,Napoli,1144
Mia Lewis,1992,Prague,Rijeka,618
Willow Lewis,1980,Prague,Rijeka,618
Evie Lewis,2014,Prague,Rijeka,618
Evelyn Lewis,2018,Prague,Rijeka,618
Freya Jones,1978,Brno,Rijeka,1224
Harry Wilson,1992,Brno,Rijeka,1224
Lily Burton,1989,Brno,Rijeka,1224
Evie Stevens,1979,Brno,Rijeka,1224
Arthur Davidson,1989,Brno,Rijeka,1224
Oscar Allen,1974,Brno,Rijeka,1224
Daisy Walker,1991,Vienna,Warsaw,1144
Willow Wilson,1976,Vienna,Warsaw,1144
Charlotte Allen,1980,Vienna,Warsaw,1144
Theo Baker,1976,Hamburg,Innsbruck,918
Arthur Baker,1985,Hamburg,Innsbruck,918
Lily Baker,2013,Hamburg,Innsbruck,918
Noah Allen,1976,Hamburg,Innsbruck,306
Phoebe Allen,1974,Hamburg,Innsbruck,306
Phoebe Allen,2017,Hamburg,Innsbruck,306
Arlo Owen,1981,Innsbruck,Warsaw,1248
Freya Allen,1973,Innsbruck,Warsaw,1248
Noah Matthews,1993,Innsbruck,Warsaw,1248
Finley Burton,1981,Prague,Rijeka,624
Florence Burton,1981,Prague,Rijeka,624
Evie Burton,2018,Prague,Rijeka,624
William Webb,1992,Vienna,Warsaw,927
Phoebe Webb,1985,Vienna,Warsaw,927
Finley Webb,2014,Vienna,Warsaw,927
Evelyn Webb,2016,Vienna,Warsaw,927
Theodore Davidson,1987,Hamburg,Rome,808
Ava Davidson,1973,Hamburg,Rome,808
Daisy Davidson,2015,Hamburg,Rome,808
Elsie Davidson,2017,Hamburg,Rome,808
Sofia Payne,1976,Krakow,Zagreb,909
Charlie Payne,1977,Krakow,Zagreb,909
Evie Payne,2015,Krakow,Zagreb,909
Isaac Payne,2013,Krakow,Zagreb,909
Lily Harris,1992,Hamburg,Rome,728
Evelyn Harris,1976,Hamburg,Rome,728
Isaac Harris,2016,Hamburg,Rome,728
Arlo Foster,1986,Prague,Rijeka,1030
Mia Walker,1980,Prague,Rijeka,1030
Lily White,1992,Prague,Rijeka,1030
Henry Holmes,1975,Berlin,Napoli,1111
Tommy Allen,1976,Berlin,Napoli,1111
Jack Webb,1982,Berlin,Napoli,1111
Charlotte Jones,1982,Berlin,Napoli,1111
Daisy Black,1981,Berlin,Napoli,1111
Theo Jones,1992,Prague,Rijeka,1020
Isabella Jones,1983,Prague,Rijeka,1020
Harry Adams,1982,Prague,Rijeka,1020
Jacob Jones,1986,Prague,Rijeka,1020
Ava Black,1984,Prague,Rijeka,1020
Alfie Robinson,1991,Prague,Rijeka,1020
Evie Baker,1980,Krakow,Zagreb,816
Sophia Baker,1982,Krakow,Zagreb,816
Harry Baker,2013,Krakow,Zagreb,816
Evelyn Baker,2016,Krakow,Zagreb,816
Freddie Chapman,1975,Hamburg,Innsbruck,1212
Freya Wilson,1978,Hamburg,Innsbruck,1212
Isaac Allen,1988,Hamburg,Innsbruck,1212
Roman Allen,1988,Hamburg,Innsbruck,1212
Ivy Chapman,1980,Hamburg,Innsbruck,1212
Florence Jones,1985,Prague,Rijeka,1010
Ella Foster,1985,Prague,Rijeka,1010
Muhammad Webb,1989,Prague,Rijeka,1010
Finley Baker,1988,Berlin,Napoli,918
Roman Baker,1975,Berlin,Napoli,918
Noah Baker,2015,Berlin,Napoli,918
Theo Baker,2016,Berlin,Napoli,918
Isabella Foster,1976,Innsbruck,Warsaw,1212
Mia Jones,1974,Innsbruck,Warsaw,1212
Archie Wilson,1990,Innsbruck,Warsaw,1212
Roman Allen,1980,Brno,Rijeka,1111
Elsie Allen,1990,Brno,Rijeka,1111
Poppy Black,1986,Brno,Rijeka,1111
Willow Walker,1982,Brno,Rijeka,1111
Sienna Holmes,1981,Brno,Rijeka,1111
Jacob Adams,1973,Berlin,Napoli,1133
Poppy Harris,1990,Berlin,Napoli,1133
Florence Black,1982,Berlin,Napoli,1133
Theodore Allen,1980,Berlin,Napoli,1133
Jacob White,1992,Berlin,Napoli,1133
Emily Holmes,1981,Berlin,Napoli,1133
Mia Stevens,1974,Berlin,Napoli,1144
Arthur Walker,1980,Berlin,Napoli,1144
Phoebe Wilson,1993,Berlin,Napoli,1144
Leo Davidson,1979,Berlin,Napoli,1144
Jacob Foster,1985,Berlin,Napoli,1144
Florence White,1983,Berlin,Napoli,1144
Noah Davidson,1977,Prague,Rijeka,1030
Lucas Burton,1979,Prague,Rijeka,1030
Evelyn Walker,1979,Prague,Rijeka,1030
Charlotte Lewis,1981,Prague,Rijeka,1030
Willow Matthews,1975,Hamburg,Innsbruck,1224
Phoebe Adams,1982,Hamburg,Innsbruck,1224
Mia Adams,1978,Hamburg,Innsbruck,1224
Isabella Matthews,1993,Hamburg,Innsbruck,1224
Arlo Foster,1988,Vienna,Warsaw,1133
Emily Baker,1974,Vienna,Warsaw,1133
Theodore Webb,1984,Vienna,Warsaw,1133
Leo Foster,1981,Vienna,Warsaw,1133
Arlo Davidson,1983,Vienna,Warsaw,1133
Charlotte Harris,1980,Brno,Rijeka,707
Sienna Harris,1973,Brno,Rijeka,707
Grace Harris,2016,Brno,Rijeka,707
Isaac Harris,2017,Brno,Rijeka,707
Elsie Foster,1981,Brno,Rijeka,1212
Florence Allen,1977,Brno,Rijeka,1212
Phoebe Payne,1976,Brno,Rijeka,1212
Isla Davidson,1974,Brno,Rijeka,1212
Jack Baker,1987,Hamburg,Innsbruck,1212
Amelia Payne,1974,Hamburg,Innsbruck,1212
Alfie Burton,1989,Hamburg,Innsbruck,1212
Ivy Burton,1987,Krakow,Zagreb,707
Theo Burton,1974,Krakow,Zagreb,707
George Burton,2013,Krakow,Zagreb,707
Evelyn White,1976,Hamburg,Innsbruck,306
Finley White,1977,Hamburg,Innsbruck,306
Thomas White,2015,Hamburg,Innsbruck,306
Elsie Owen,1985,Berlin,Napoli,714
Evie Owen,1987,Berlin,Napoli,714
Freddie Owen,2017,Berlin,Napoli,714
Isaac Jones,1989,Vienna,Warsaw,1122
Daisy Walker,1980,Vienna,Warsaw,1122
Sofia Chapman,1982,Vienna,Warsaw,1122
Mia Allen,1977,Vienna,Warsaw,909
Jacob Allen,1973,Vienna,Warsaw,909
Sienna Allen,2014,Vienna,Warsaw,909
Sophia Wilson,1986,Berlin,Napoli,832
Ella Wilson,1985,Berlin,Napoli,832
Freddie Wilson,2013,Berlin,Napoli,832
Tommy Lewis,1983,Innsbruck,Warsaw,1224
Ivy Foster,1990,Innsbruck,Warsaw,1224
Lily Jones,1988,Innsbruck,Warsaw,1224
Leo Adams,1989,Innsbruck,Warsaw,1224
Charlotte Allen,1987,Hamburg,Innsbruck,1236
Elsie Chapman,1991,Hamburg,Innsbruck,1236
Isaac Payne,1985,Hamburg,Innsbruck,1236
Elsie Black,1988,Hamburg,Innsbruck,1236
Florence Stevens,1988,Hamburg,Innsbruck,1236
Lily Chapman,1976,Innsbruck,Warsaw,1111
Isabella Matthews,1991,Innsbruck,Warsaw,1111
William Webb,1988,Innsbruck,Warsaw,1111
Sophia Holmes,1982,Innsbruck,Warsaw,1111
Ivy Chapman,1978,Hamburg,Innsbruck,918
Theodore Chapman,1992,Hamburg,Innsbruck,918
Ella Chapman,2017,Hamburg,Innsbruck,918
Poppy Chapman,1992,Hamburg,Innsbruck,927
Ella Chapman,1978,Hamburg,Innsbruck,927
Tommy Chapman,2014,Hamburg,Innsbruck,927
Daisy Chapman,2015,Hamburg,Innsbruck,927
Lily Jones,1993,Hamburg,Innsbruck,909
Freya Jones,1985,Hamburg,Innsbruck,909
Theo Jones,2015,Hamburg,Innsbruck,909
Elsie Jones,2018,Hamburg,Innsbruck,909
William Wilson,1980,Hamburg,Innsbruck,1236
Isaac Burton,1975,Hamburg,Innsbruck,1236
Evelyn Chapman,1979,Hamburg,Innsbruck,1236
Alfie Payne,1981,Hamburg,Innsbruck,1236
Arthur Payne,1987,Brno,Rijeka,612
Leo Payne,1989,Brno,Rijeka,612
Poppy Payne,2017,Brno,Rijeka,612
Harry Payne,2015,Brno,Rijeka,612
Poppy Wilson,1984,Vienna,Warsaw,936
Alfie Wilson,1985,Vienna,Warsaw,936
Isla Wilson,2017,Vienna,Warsaw,936
Evelyn Robinson,1992,Innsbruck,Warsaw,1248
Roman Payne,1983,Innsbruck,Warsaw,1248
Isla Lewis,1989,Innsbruck,Warsaw,1248
Arlo Stevens,1986,Vienna,Warsaw,728
William Stevens,1984,Vienna,Warsaw,728
Evelyn Stevens,2015,Vienna,Warsaw,728
Elsie Stevens,2013,Vienna,Warsaw,728
Rosie Webb,1981,Brno,Rijeka,1133
Evie Allen,1985,Brno,Rijeka,1133
Isla Matthews,1978,Brno,Rijeka,1133
Grace Black,1992,Brno,Rijeka,1133
Tommy Allen,1991,Brno,Rijeka,1133
Arlo Davidson,1991,Brno,Rijeka,707
Amelia Davidson,1976,Brno,Rijeka,707
Amelia Davidson,2014,Brno,Rijeka,707
Arthur Black,1976,Brno,Rijeka,728
Finley Black,1982,Brno,Rijeka,728
Jack Black,2015,Brno,Rijeka,728
Isabella Black,2013,Brno,Rijeka,728
Ava Foster,1977,Brno,Rijeka,1236
Lily Chapman,1974,Brno,Rijeka,1236
Leo Jones,1979,Brno,Rijeka,1236
Mia Baker,1973,Brno,Rijeka,1236
Arlo Foster,1988,Brno,Rijeka,1236
Thomas Adams,1982,Hamburg,Rome,808
Thomas Adams,1983,Hamburg,Rome,808
Roman Adams,2015,Hamburg,Rome,808
Arlo Owen,1979,Berlin,Napoli,824
Tommy Owen,1991,Berlin,Napoli,824
Jacob Owen,2017,Berlin,Napoli,824
Amelia Burton,1981,Berlin,Napoli,1020
Archie Jones,1983,Berlin,Napoli,1020
Phoebe Harris,1990,Berlin,Napoli,1020
Mia Stevens,1989,Berlin,Napoli,1020
Phoebe Adams,1978,Berlin,Napoli,1020
Harry Davidson,1978,Berlin,Napoli,1020
Arlo Owen,1986,Krakow,Zagreb,832
Daisy Owen,1975,Krakow,Zagreb,832
Lily Owen,2017,Krakow,Zagreb,832
Henry Allen,1990,Brno,Rijeka,1212
Jack Stevens,1990,Brno,Rijeka,1212
Jacob Owen,1979,Brno,Rijeka,1212
Thomas Allen,1983,Brno,Rijeka,1212
Charlotte Wilson,1984,Vienna,Warsaw,927
Ella Wilson,1992,Vienna,Warsaw,927
Archie Wilson,2015,Vienna,Warsaw,927
Freya Wilson,2016,Vienna,Warsaw,927
Elsie Webb,1981,Innsbruck,Warsaw,1212
Arthur Baker,1976,Innsbruck,Warsaw,1212
Charlie Harris,1988,Innsbruck,Warsaw,1212
Isabella White,1982,Innsbruck,Warsaw,1212
George Matthews,1985,Innsbruck,Warsaw,1212
Charlotte Chapman,1991,Innsbruck,Warsaw,1212
Leo Black,1979,Innsbruck,Warsaw,927
Sofia Black,1981,Innsbruck,Warsaw,927
Roman Black,2016,Innsbruck,Warsaw,927
Theodore Black,2017,Innsbruck,Warsaw,927
Ava Foster,1976,Krakow,Zagreb,808
Ava Foster,1987,Krakow,Zagreb,808
Leo Foster,2015,Krakow,Zagreb,808
Archie Foster,2018,Krakow,Zagreb,808
Evie Burton,1982,Krakow,Zagreb,728
Evelyn Burton,1974,Krakow,Zagreb,728
Daisy Burton,2018,Krakow,Zagreb,728
Thomas Matthews,1975,Prague,Rijeka,612
Henry Matthews,1988,Prague,Rijeka,612
Isla Matthews,2014,Prague,Rijeka,612
Charlie Holmes,1984,Brno,Rijeka,1236
Amelia Jones,1985,Brno,Rijeka,1236
Charlie Matthews,1989,Brno,Rijeka,1236
Jacob Jones,1986,Innsbruck,Warsaw,1248
Lily Baker,1991,Innsbruck,Warsaw,1248
Roman Walker,1975,Innsbruck,Warsaw,1248
Finley Holmes,1985,Innsbruck,Warsaw,1248
Evie Baker,1992,Innsbruck,Warsaw,1248
Arlo White,1976,Innsbruck,Warsaw,1248
Grace Baker,1973,Brno,Rijeka,1248
Theo Payne,1988,Brno,Rijeka,1248
Florence Allen,1987,Brno,Rijeka,1248
Muhammad Chapman,1983,Brno,Rijeka,1248
Emily Harris,1992,Innsbruck,Warsaw,1122
Emily Baker,1976,Innsbruck,Warsaw,1122
Rosie Adams,1977,Innsbruck,Warsaw,1122
Mia Webb,1990,Prague,Rijeka,1030
Henry Davidson,1979,Prague,Rijeka,1030
Emily Wilson,1986,Prague,Rijeka,1030
Lily Burton,1985,Prague,Rijeka,1030
Muhammad Holmes,1982,Prague,Rijeka,1030
Rosie Harris,1977,Prague,Rijeka,1030
Poppy Wilson,1976,Berlin,Napoli,816
Harry Wilson,1989,Berlin,Napoli,816
Arlo Wilson,2015,Berlin,Napoli,816
Jacob Wilson,2015,Berlin,Napoli,816
Florence Owen,1984,Brno,Rijeka,728
Isabella Owen,1975,Brno,Rijeka,728
Sienna Owen,2013,Brno,Rijeka,728
Theo Robinson,1988,Berlin,Napoli,1111
Charlotte Matthews,1980,Berlin,Napoli,1111
Lily Lewis,1984,Berlin,Napoli,1111
Grace Allen,1984,Berlin,Napoli,1111
Muhammad Foster,1978,Berlin,Napoli,1111
Finley Matthews,1973,Berlin,Napoli,1111
Mia Matthews,1973,Prague,Rijeka,1010
Elsie Black,1987,Prague,Rijeka,1010
Isla Jones,1983,Prague,Rijeka,1010
Evie Robinson,1978,Prague,Rijeka,1010
Emily Chapman,1989,Innsbruck,Warsaw,1224
Jack Stevens,1993,Innsbruck,Warsaw,1224
William Wilson,1973,Innsbruck,Warsaw,1224
Lucas Owen,1993,Innsbruck,Warsaw,1224
Roman Walker,1978,Innsbruck,Warsaw,1224
Rosie Allen,1974,Vienna,Warsaw,1122
Daisy Baker,1974,Vienna,Warsaw,1122
Emily Holmes,1992,Vienna,Warsaw,1122
Ava Robinson,1975,Vienna,Warsaw,1122
Poppy Harris,1975,Innsbruck,Warsaw,1133
Isaac Black,1975,Innsbruck,Warsaw,1133
Grace Adams,1989,Innsbruck,Warsaw,1133
Tommy Owen,1979,Innsbruck,Warsaw,1133
Arlo Adams,1977,Berlin,Napoli,1020
Tommy Lewis,1981,Berlin,Napoli,1020
Charlotte Baker,1983,Berlin,Napoli,1020
Poppy Allen,1990,Prague,Rijeka,1020
Thomas Chapman,1977,Prague,Rijeka,1020
Elsie Stevens,1974,Prague,Rijeka,1020
Isabella Payne,1979,Prague,Rijeka,1020
Isabella Foster,1974,Prague,Rijeka,1020
Emily Stevens,1978,Vienna,Warsaw,1144
Sophia Walker,1974,Vienna,Warsaw,1144
Lily Adams,1986,Vienna,Warsaw,1144
Roman Owen,1989,Vienna,Warsaw,1144
Jacob Owen,1980,Innsbruck,Warsaw,927
Florence Owen,1989,Innsbruck,Warsaw,927
Thomas Owen,2016,Innsbruck,Warsaw,927
Freddie Owen,2016,Innsbruck,Warsaw,927
Phoebe Webb,1987,Hamburg,Innsbruck,1224
Muhammad Burton,1993,Hamburg,Innsbruck,1224
Henry Walker,1984,Hamburg,Innsbruck,1224
Archie Adams,1978,Hamburg,Innsbruck,1224
Theo Owen,1981,Vienna,Warsaw,1144
Ella Burton,1992,Vienna,Warsaw,1144
Henry Webb,1985,Vienna,Warsaw,1144
Thomas Lewis,1973,Vienna,Warsaw,1144
Theodore Stevens,1975,Vienna,Warsaw,1144
Charlie Burton,1974,Prague,Rijeka,1020
Freddie White,1992,Prague,Rijeka,1020
William Black,1981,Prague,Rijeka,1020
Arthur Lewis,1980,Prague,Rijeka,1020
Tommy Adams,1990,Prague,Rijeka,1020
Evelyn Stevens,1992,Berlin,Napoli,1133
Lily Harris,1987,Berlin,Napoli,1133
Noah Matthews,1978,Berlin,Napoli,1133
Florence Harris,1986,Berlin,Napoli,1133
Evelyn Allen,1976,Berlin,Napoli,1133
Ava Baker,1990,Berlin,Napoli,1133
Jacob Lewis,1990,Vienna,Warsaw,728
Jacob Lewis,1988,Vienna,Warsaw,728
Evie Lewis,2018,Vienna,Warsaw,728
George Walker,1989,Brno,Rijeka,1248
Sofia Lewis,1983,Brno,Rijeka,1248
Roman White,1990,Brno,Rijeka,1248
Sophia Burton,1980,Brno,Rijeka,1248
Alfie Robinson,1988,Brno,Rijeka,1248
Evie Harris,1987,Berlin,Napoli,816
Phoebe Harris,1988,Berlin,Napoli,816
George Harris,2014,Berlin,Napoli,816
Evie Harris,2014,Berlin,Napoli,816
Jacob Payne,1973,Prague,Rijeka,1030
Muhammad Robinson,1976,Prague,Rijeka,1030
Sienna Baker,1993,Prague,Rijeka,1030
Rosie Allen,1992,Prague,Rijeka,1030
George Chapman,1973,Prague,Rijeka,1030
Poppy Holmes,1993,Hamburg,Rome,714
Sofia Holmes,1988,Hamburg,Rome,714
Ella Holmes,2018,Hamburg,Rome,714
Elsie Holmes,2014,Hamburg,Rome,714
Emily Burton,1975,Prague,Rijeka,1030
Mia Allen,1993,Prague,Rijeka,1030
Muhammad Black,1987,Prague,Rijeka,1030
Jack Allen,1987,Prague,Rijeka,1030
Arlo Webb,1991,Prague,Rijeka,1030
Phoebe Stevens,1974,Brno,Rijeka,1248
Muhammad Harris,1991,Brno,Rijeka,1248
Elsie Wilson,1989,Brno,Rijeka,1248
Evelyn Lewis,1979,Brno,Rijeka,1248
Freddie White,1974,Innsbruck,Warsaw,1212
Harry Matthews,1992,Innsbruck,Warsaw,1212
Mia Holmes,1980,Innsbruck,Warsaw,1212
Isaac Adams,1976,Innsbruck,Warsaw,1212
Muhammad Black,1992,Innsbruck,Warsaw,1212
Grace Webb,1987,Innsbruck,Warsaw,1212
Theo Black,1975,Hamburg,Innsbruck,927
Ivy Black,1990,Hamburg,Innsbruck,927
Evelyn Black,2015,Hamburg,Innsbruck,927
Freddie Black,2017,Hamburg,Innsbruck,927
Sophia Jones,1986,Berlin,Napoli,816
Mia Jones,1986,Berlin,Napoli,816
Lily Jones,2015,Berlin,Napoli,816
Arlo Jones,2014,Berlin,Napoli,816
Amelia Jones,1974,Vienna,Warsaw,1111
Elsie Holmes,1984,Vienna,Warsaw,1111
Evelyn Adams,1982,Vienna,Warsaw,1111
Daisy Black,1989,Brno,Rijeka,618
Sophia Black,1973,Brno,Rijeka,618
Ivy Black,2015,Brno,Rijeka,618
Emily Black,2015,Brno,Rijeka,618
Ivy Davidson,1993,Vienna,Warsaw,1111
Oscar Chapman,1974,Vienna,Warsaw,1111
Jacob Baker,1979,Vienna,Warsaw,1111
Jack Black,1978,Vienna,Warsaw,1111
Amelia Black,1989,Vienna,Warsaw,1111
Freya Holmes,1986,Vienna,Warsaw,1111
Rosie Robinson,1988,Berlin,Napoli,918
George Robinson,1986,Berlin,Napoli,918
Henry Robinson,2018,Berlin,Napoli,918
Jacob Robinson,2017,Berlin,Napoli,918
Henry Jones,1981,Krakow,Zagreb,936
Grace Jones,1980,Krakow,Zagreb,936
Thomas Jones,2016,Krakow,Zagreb,936
Jack Jones,2016,Krakow,Zagreb,936
Muhammad Davidson,1981,Innsbruck,Warsaw,936
Roman Davidson,1988,Innsbruck,Warsaw,936
Jack Davidson,2013,Innsbruck,Warsaw,936
Thomas Harris,1973,Vienna,Warsaw,1111
Ella Stevens,1987,Vienna,Warsaw,1111
Willow Payne,1985,Vienna,Warsaw,1111
William Davidson,1981,Vienna,Warsaw,1111
Thomas Holmes,1974,Vienna,Warsaw,1111
Evelyn Burton,1987,Prague,Rijeka,1030
Elsie Burton,1989,Prague,Rijeka,1030
Florence Matthews,1983,Prague,Rijeka,1030
Oscar Adams,1985,Prague,Rijeka,1030
Roman Payne,1980,Prague,Rijeka,1030
George Holmes,1982,Krakow,Zagreb,808
Phoebe Holmes,1976,Krakow,Zagreb,808
Leo Holmes,2017,Krakow,Zagreb,808
Isabella Chapman,1982,Hamburg,Innsbruck,927
Daisy Chapman,1992,Hamburg,Innsbruck,927
Mia Chapman,2018,Hamburg,Innsbruck,927
Poppy Chapman,2016,Hamburg,Innsbruck,927
Thomas Baker,1983,Prague,Rijeka,1040
Evie Walker,1979,Prague,Rijeka,1040
Henry White,1979,Prague,Rijeka,1040
Mia Black,1980,Prague,Rijeka,1040
Theodore Black,1989,Prague,Rijeka,1040
Daisy Harris,1974,Prague,Rijeka,1040
Sophia Stevens,1976,Brno,Rijeka,612
Sofia Stevens,1987,Brno,Rijeka,612
Theodore Stevens,2017,Brno,Rijeka,612
Lily Stevens,2014,Brno,Rijeka,612
Charlotte Webb,1986,Innsbruck,Warsaw,909
Charlotte Webb,1974,Innsbruck,Warsaw,909
Amelia Webb,2018,Innsbruck,Warsaw,909
Isabella Harris,1989,Berlin,Napoli,1144
Freya Webb,1993,Berlin,Napoli,1144
Elsie Walker,1976,Berlin,Napoli,1144
Alfie Davidson,1992,Berlin,Napoli,1144
Oscar White,1987,Berlin,Napoli,1144
Freya Chapman,1983,Berlin,Napoli,1144
Tommy Foster,1985,Krakow,Zagreb,816
Charlie Foster,1985,Krakow,Zagreb,816
Roman Foster,2014,Krakow,Zagreb,816
Theodore Owen,1978,Hamburg,Innsbruck,1248
Finley Burton,1993,Hamburg,Innsbruck,1248
Daisy Jones,1986,Hamburg,Innsbruck,1248
Freya Robinson,1979,Hamburg,Innsbruck,936
Elsie Robinson,1987,Hamburg,Innsbruck,936
Arlo Robinson,2016,Hamburg,Innsbruck,936
Lily Robinson,2014,Hamburg,Innsbruck,936
Isabella Robinson,1987,Prague,Rijeka,612
Ava Robinson,1975,Prague,Rijeka,612
Rosie Robinson,2016,Prague,Rijeka,612
Grace Webb,1983,Innsbruck,Warsaw,1212
Thomas Owen,1989,Innsbruck,Warsaw,1212
Amelia Foster,1990,Innsbruck,Warsaw,1212
Ivy Holmes,1992,Innsbruck,Warsaw,1212
Finley Holmes,1974,Innsbruck,Warsaw,1236
Oscar Baker,1989,Innsbruck,Warsaw,1236
Charlotte Davidson,1974,Innsbruck,Warsaw,1236
Sienna Adams,1981,Hamburg,Innsbruck,1236
Arthur Owen,1978,Hamburg,Innsbruck,1236
Ava Allen,1984,Hamburg,Innsbruck,1236
Ivy Black,1978,Hamburg,Innsbruck,1236
Phoebe Stevens,1992,Hamburg,Innsbruck,1236
Theodore Davidson,1987,Innsbruck,Warsaw,1248
George Burton,1988,Innsbruck,Warsaw,1248
Evelyn Adams,1991,Innsbruck,Warsaw,1248
Muhammad Walker,1991,Innsbruck,Warsaw,1248
Emily Matthews,1984,Innsbruck,Warsaw,1248
Harry Wilson,1983,Innsbruck,Warsaw,1248
Leo Black,1982,Krakow,Zagreb,816
Finley Black,1974,Krakow,Zagreb,816
Theo Black,2018,Krakow,Zagreb,816
Noah Black,2013,Krakow,Zagreb,816
Jack Harris,1976,Hamburg,Innsbruck,1224
Isaac Burton,1977,Hamburg,Innsbruck,1224
Willow Payne,1984,Hamburg,Innsbruck,1224
Mia Chapman,1989,Hamburg,Innsbruck,1224
Grace Lewis,1989,Hamburg,Innsbruck,1224
Alfie Burton,1973,Berlin,Napoli,1040
Arlo Payne,1993,Berlin,Napoli,1040
Sienna Allen,1987,Berlin,Napoli,1040
Noah Allen,1977,Vienna,Warsaw,918
Jacob Allen,1974,Vienna,Warsaw,918
Oscar Allen,2014,Vienna,Warsaw,918
Ava Matthews,1992,Hamburg,Innsbruck,1224
Poppy Chapman,1978,Hamburg,Innsbruck,1224
Grace Chapman,1974,Hamburg,Innsbruck,1224
Charlie Owen,1992,Hamburg,Innsbruck,1224
Muhammad Black,1974,Vienna,Warsaw,909
Isabella Black,1984,Vienna,Warsaw,909
Isabella Black,2015,Vienna,Warsaw,909
Charlotte Matthews,1992,Brno,Rijeka,1212
William Owen,1987,Brno,Rijeka,1212
Evelyn Stevens,1973,Brno,Rijeka,1212
Mia Lewis,1981,Krakow,Zagreb,816
Arthur Lewis,1989,Krakow,Zagreb,816
Sofia Lewis,2014,Krakow,Zagreb,816
George Burton,1982,Berlin,Napoli,714
Arlo Burton,1989,Berlin,Napoli,714
Grace Burton,2015,Berlin,Napoli,714
Noah Wilson,1976,Krakow,Zagreb,936
William Wilson,1980,Krakow,Zagreb,936
Amelia Wilson,2016,Krakow,Zagreb,936
Arthur Lewis,1976,Berlin,Napoli,1144
Amelia Matthews,1989,Berlin,Napoli,1144
Theodore Black,1985,Berlin,Napoli,1144
Rosie Burton,1978,Berlin,Napoli,1144
Ella Webb,1989,Berlin,Napoli,1144
Lily Lewis,1974,Innsbruck,Warsaw,505
Muhammad Lewis,1992,Innsbruck,Warsaw,505
Grace Lewis,2017,Innsbruck,Warsaw,505
Jacob Lewis,2017,Innsbruck,Warsaw,505
Alfie Webb,1989,Hamburg,Innsbruck,1224
Finley Walker,1982,Hamburg,Innsbruck,1224
Jacob Jones,1980,Hamburg,Innsbruck,1224
Lucas Payne,1986,Hamburg,Innsbruck,1224
Mia Holmes,1988,Hamburg,Innsbruck,1224
Archie Matthews,1987,Hamburg,Innsbruck,1224
Archie Harris,1978,Hamburg,Innsbruck,1248
Elsie Baker,1989,Hamburg,Innsbruck,1248
Sophia Walker,1975,Hamburg,Innsbruck,1248
Muhammad Harris,1990,Hamburg,Innsbruck,1248
George Webb,1980,Hamburg,Innsbruck,1248
Oscar Harris,1973,Hamburg,Innsbruck,1248
Freya Holmes,1985,Vienna,Warsaw,1144
Phoebe Black,1978,Vienna,Warsaw,1144
Freddie Walker,1981,Vienna,Warsaw,1144
Henry Adams,1989,Krakow,Zagreb,909
William Adams,1988,Krakow,Zagreb,909
Freddie Adams,2018,Krakow,Zagreb,909
Theodore Adams,2014,Krakow,Zagreb,909
Ivy Adams,1985,Berlin,Napoli,1030
Sienna Holmes,1992,Berlin,Napoli,1030
Lucas Baker,1984,Berlin,Napoli,1030
Charlie Harris,1993,Berlin,Napoli,1030
Harry Matthews,1987,Berlin,Napoli,1030
Archie Davidson,1984,Innsbruck,Warsaw,1111
Ava Webb,1979,Innsbruck,Warsaw,1111
Lucas Allen,1973,Innsbruck,Warsaw,1111
Rosie Matthews,1980,Berlin,Napoli,1133
Tommy Robinson,1976,Berlin,Napoli,1133
Freddie Wilson,1983,Berlin,Napoli,1133
Jack Allen,1991,Berlin,Napoli,1133
Sofia Webb,1983,Hamburg,Innsbruck,1224
Sienna Webb,1991,Hamburg,Innsbruck,1224
William Black,1980,Hamburg,Innsbruck,1224
Ella Burton,1982,Berlin,Napoli,728
Sienna Burton,1989,Berlin,Napoli,728
Daisy Burton,2013,Berlin,Napoli,728
Theodore Lewis,1989,Hamburg,Innsbruck,1248
Isabella Holmes,1976,Hamburg,Innsbruck,1248
Freddie Chapman,1981,Hamburg,Innsbruck,1248
Ivy Jones,1977,Hamburg,Innsbruck,1248
Theo Lewis,1990,Hamburg,Innsbruck,1248
Daisy Owen,1992,Hamburg,Innsbruck,1248
Freddie Baker,1981,Prague,Rijeka,1030
Sienna Foster,1978,Prague,Rijeka,1030
Emily Baker,1978,Prague,Rijeka,1030
Willow Payne,1986,Vienna,Warsaw,909
Roman Payne,1983,Vienna,Warsaw,909
Mia Payne,2013,Vienna,Warsaw,909
Arthur Webb,1975,Vienna,Warsaw,707
Roman Webb,1982,Vienna,Warsaw,707
Rosie Webb,2017,Vienna,Warsaw,707
Muhammad Webb,2013,Vienna,Warsaw,707
Roman Adams,1993,Innsbruck,Warsaw,1144
Arlo Stevens,1980,Innsbruck,Warsaw,1144
Jacob Chapman,1988,Innsbruck,Warsaw,1144
Mia White,1989,Innsbruck,Warsaw,1144
Theodore Matthews,1975,Prague,Rijeka,612
Theodore Matthews,1983,Prague,Rijeka,612
Roman Matthews,2017,Prague,Rijeka,612
Noah Matthews,2018,Prague,Rijeka,612
Sofia Adams,1975,Prague,Rijeka,618
Sienna Adams,1989,Prague,Rijeka,618
Tommy Adams,2018,Prague,Rijeka,618
Rosie Adams,2017,Prague,Rijeka,618
Thomas Matthews,1973,Innsbruck,Warsaw,918
Charlotte Matthews,1989,Innsbruck,Warsaw,918
Ella Matthews,2013,Innsbruck,Warsaw,918
Amelia Holmes,1992,Vienna,Warsaw,1133
Harry Davidson,1993,Vienna,Warsaw,1133
Arlo Payne,1993,Vienna,Warsaw,1133
Isabella Jones,1981,Vienna,Warsaw,1133
Ava Lewis,1982,Vienna,Warsaw,1133
Daisy Robinson,1975,Vienna,Warsaw,1133
Tommy Baker,1982,Brno,Rijeka,1248
Ava Webb,1988,Brno,Rijeka,1248
Arlo Jones,1974,Brno,Rijeka,1248
Poppy Owen,1993,Brno,Rijeka,1248
Ava Black,1988,Brno,Rijeka,1248
Sienna Allen,1985,Brno,Rijeka,714
Ella Allen,1990,Brno,Rijeka,714
Mia Allen,2018,Brno,Rijeka,714
Phoebe Harris,1979,Krakow,Zagreb,816
Phoebe Harris,1989,Krakow,Zagreb,816
Sofia Harris,2017,Krakow,Zagreb,816
Ella Harris,2017,Krakow,Zagreb,816
Rosie Lewis,1979,Vienna,Warsaw,1133
Noah Harris,1989,Vienna,Warsaw,1133
Lily Foster,1985,Vienna,Warsaw,1133
Ava Davidson,1978,Vienna,Warsaw,1133
Emily Jones,1974,Vienna,Warsaw,1133
Thomas Allen,1991,Vienna,Warsaw,1133
Charlie Holmes,1979,Berlin,Napoli,1133
Mia Burton,1983,Berlin,Napoli,1133
Daisy Robinson,1993,Berlin,Napoli,1133
Roman Black,1980,Berlin,Napoli,1133
Elsie Holmes,1973,Hamburg,Innsbruck,1224
Tommy Adams,1993,Hamburg,Innsbruck,1224
Grace Matthews,1976,Hamburg,Innsbruck,1224
Poppy Jones,1984,Hamburg,Innsbruck,1224
Ava Robinson,1977,Hamburg,Innsbruck,1224
Freddie Jones,1974,Hamburg,Innsbruck,1224
Daisy Foster,1976,Prague,Rijeka,1030
Archie Matthews,1989,Prague,Rijeka,1030
Muhammad Jones,1983,Prague,Rijeka,1030
William Stevens,1982,Prague,Rijeka,1030
Alfie Webb,1974,Prague,Rijeka,1030
Lucas Matthews,1993,Prague,Rijeka,1030
Amelia Foster,1992,Prague,Rijeka,1030
Arthur Davidson,1977,Prague,Rijeka,1030
Henry Wilson,1979,Vienna,Warsaw,918
Isla Wilson,1991,Vienna,Warsaw,918
Leo Wilson,2018,Vienna,Warsaw,918
Isaac Wilson,2015,Vienna,Warsaw,918
Ava Baker,1983,Brno,Rijeka,714
Charlotte Baker,1975,Brno,Rijeka,714
Arlo Baker,2015,Brno,Rijeka,714
Ivy Davidson,1980,Berlin,Napoli,1010
Daisy Owen,1992,Berlin,Napoli,1010
Rosie Holmes,1992,Berlin,Napoli,1010
Isla Baker,1991,Berlin,Napoli,1010
Henry Chapman,1986,Berlin,Napoli,1010
Poppy Chapman,1975,Krakow,Zagreb,808
Finley Chapman,1979,Krakow,Zagreb,808
Florence Chapman,2018,Krakow,Zagreb,808
Elsie Chapman,2017,Krakow,Zagreb,808
Arlo Baker,1991,Berlin,Napoli,1111
Theo Robinson,1979,Berlin,Napoli,1111
Charlie Allen,1987,Berlin,Napoli,1111
Sophia Owen,1986,Berlin,Napoli,1111
William Payne,1980,Berlin,Napoli,1111
Leo Adams,1973,Hamburg,Innsbruck,936
Ivy Adams,1988,Hamburg,Innsbruck,936
Jack Adams,2014,Hamburg,Innsbruck,936
Ava Allen,1991,Prague,Rijeka,618
Ivy Allen,1989,Prague,Rijeka,618
Arthur Allen,2015,Prague,Rijeka,618
Daisy Black,1973,Innsbruck,Warsaw,936
Arlo Black,1974,Innsbruck,Warsaw,936
Noah Black,2015,Innsbruck,Warsaw,936
Thomas Foster,1985,Innsbruck,Warsaw,909
William Foster,1982,Innsbruck,Warsaw,909
Alfie Foster,2016,Innsbruck,Warsaw,909
William Foster,2016,Innsbruck,Warsaw,909
Arthur Webb,1988,Prague,Rijeka,624
Sofia Webb,1979,Prague,Rijeka,624
Lily Webb,2016,Prague,Rijeka,624
Leo Webb,2017,Prague,Rijeka,624
George Webb,1976,Prague,Rijeka,618
Jack Webb,1974,Prague,Rijeka,618
Willow Webb,2018,Prague,Rijeka,618
Tommy Adams,1974,Brno,Rijeka,721
Ava Adams,1989,Brno,Rijeka,721
Evie Adams,2014,Brno,Rijeka,721
Theodore Stevens,1977,Innsbruck,Warsaw,909
Elsie Stevens,1992,Innsbruck,Warsaw,909
Alfie Stevens,2016,Innsbruck,Warsaw,909
Freddie Stevens,2017,Innsbruck,Warsaw,909
Sofia Robinson,1983,Krakow,Zagreb,832
Grace Robinson,1989,Krakow,Zagreb,832
Tommy Robinson,2018,Krakow,Zagreb,832
Sophia Robinson,2014,Krakow,Zagreb,832
Isabella Wilson,1980,Krakow,Zagreb,824
Evelyn Wilson,1992,Krakow,Zagreb,824
Noah Wilson,2013,Krakow,Zagreb,824
Henry Wilson,2013,Krakow,Zagreb,824
Emily Adams,1987,Berlin,Napoli,824
Jack Adams,1993,Berlin,Napoli,824
Arlo Adams,2014,Berlin,Napoli,824
Finley Baker,1976,Berlin,Napoli,824
Thomas Baker,1978,Berlin,Napoli,824
Mia Baker,2016,Berlin,Napoli,824
Rosie Baker,2018,Berlin,Napoli,824
Alfie Harris,1986,Hamburg,Innsbruck,927
Rosie Harris,1973,Hamburg,Innsbruck,927
Phoebe Harris,2017,Hamburg,Innsbruck,927
Sofia Burton,1976,Prague,Rijeka,606
Ava Burton,1975,Prague,Rijeka,606
Rosie Burton,2015,Prague,Rijeka,606
Willow Walker,1983,Berlin,Napoli,816
Ava Walker,1988,Berlin,Napoli,816
Sophia Walker,2016,Berlin,Napoli,816
George Walker,2017,Berlin,Napoli,816
Theodore Foster,1984,Vienna,Warsaw,721
Arlo Foster,1986,Vienna,Warsaw,721
Muhammad Foster,2017,Vienna,Warsaw,721
Elsie Foster,2018,Vienna,Warsaw,721
